Workbook

Sheet year 1
C1: Monthly Cost
B2: AI Assistant
B3: Unit List Price (AUD) | C3: 46.38
B4: Partner Discount | C4: 0.3
B5: Partner Unit Buy Price (AUD) | C5: =C3*(1-C4) -> 32.466
B7: Voice Calls (monthly) | C7: 0
B8: Avg Talk Time (or *AHT) in sec | C8: 0
B9: Digital Sessions | C9: 0
B10: Units Required | C10: =ROUNDUP(((C7 * C8)/60/2000)+(C9/1000),0) -> 0
B11: Partner Buy Price | C11: =C10*C5 -> 0
B14: AI Agent
B15: Unit List Price (AUD) | C15: 154.6
B16: Partner Discount | C16: 0.3
B17: Partner Unit Buy Price (AUD) | C17: 115.95
B19: Scripted
B20: Voice Calls (monthly) | C20: 0
B21: Avg Talk Time in sec | C21: 0
B22: Digital Sessions | C22: 0
B23: Units Required | C23: =ROUNDUP(((C20*CEILING(C21/120,1))/1200)+(C22/4800),0) -> 0
B24: Partner Buy Price | C24: =C23*C17 -> 0
B26: Autonomous
B27: Voice Calls (monthly) | C27: 0
B28: Avg Talk Time in sec | C28: 0
B29: Digital Sessions | C29: 0
B30: Units Required | C30: =ROUNDUP(((C27 * CEILING(C28 / 120, 1))/200)+(C29/200),0) -> 0 | G30: * US$ List Price
B31: Partner Buy Price | C31: =C30*C17 -> 0
B34: Total AI Costs/month (AUD) | C34: =C31+C11+C24 -> 0
B38: AI AGENT | I38: AI ASSISTANT
B39: Autonomous Voice Assumptions | D39: Qty | E39: ATT | I39: Voice Assumptions | L39: Qty | M39: ATT
B40: Knowledge Agent | D40: 1000 | E40: 120 | I40: All calls | L40: 4000 | M40: 120
B44: Autonomous Digital Assumptions | D44: Qty | E44: Sessions | I44: Digital Assumptions | L44: Qty | M44: Sessions

Sheet Unit Costs
A1: AI Assistant Voice
B2: AU$
A3: Cost per unit | B3: ='year 1'!C5 -> 32.466 | C3: for 2000 minutes
A4: ATT (or AHT) | B4: ='year 1'!C8 -> 0 | C4: sec | D4: or | E4: =B4/60 -> 0 | F4: min
A5: Cost per call | B5: =B3/2000*E4 -> 0
A7: AI Agent
A8: Autonomous Voice Cost Schedule | H8: Autonomous Digital Cost Schedule
A9: Per unit cost | B9: =('year 1'!C17)/200 -> 0.57975 | H9: Per unit cost | I9: =('year 1'!C17)/200 -> 0.57975 | K9: plus channel costs
A10: AHT | B10: AU$ | H10: Turns | I10: AU$
A11: <120 | B11: =B9 -> 0.57975 | D11: Less than 2 min | H11: <15 | I11: =I9 -> 0.57975
A12: 121-240 | B12: =B9*2 -> 1.1595 | D12: 2 to 4 min | H12: 16-30 | I12: =I9*2 -> 1.1595
A13: 241-360 | B13: =B9*3 -> 1.73925 | D13: 4 to 6 min | H13: 31-45 | I13: =I9*3 -> 1.73925
A17: Scripted Voice Cost Schedule | H17: Scripted Digital Cost Schedule
A18: Per unit cost | B18: =('year 1'!C17)/1200 -> 0.096625 | H18: Per unit cost | I18: =('year 1'!C17)/4800 -> 0.02415625 | K18: plus channel costs
A19: AHT | B19: AU$ | H19: Turns | I19: AU$
A20: <120 | B20: =B18 -> 0.096625 | H20: <15 | I20: =I18 -> 0.02415625
A21: 121-240 | B21: =B18*2 -> 0.19325 | H21: 16-30 | I21: =I18*2 -> 0.0483125
A22: 241-360 | B22: =B18*3 -> 0.289875 | H22: 31-45 | I22: =I18*3 -> 0.07246875

Sheet WxConnect
A1: Function | B1: SMS number rental | C1: SMS Transmission | D1: Automated Transaction Fee | G1: Discount
A2: RRP Unit costs | B2: 51.018 | C2: 0.0427 | D2: 0.1005 | G2: 0.3
B3: =B2*(1-G2) -> 35.7126 | C3: =C2*(1-G2) -> 0.02989 | D3: =D2*(1-G2) -> 0.07035
B4: Qty | C4: Qty | D4: Qty | F4: Sub-Total
A5: Confirmation SMS (AI Agent) | B5: 1 | C5: 1 | D5: 0 | F5: =(B5*B3)+(C5*C3) -> 35.74249
A6: Confirmation SMS (Desktop Agent) | C6: 1 | D6: =C6 -> 1 | F6: =(C6*C3)+(D6*D3) -> 0.10024
A7: Confirmation SMS (Alayacare) | C7: 1 | D7: =C7 -> 1 | F7: =(C7*C3)+(D7*D3) -> 0.10024
A9: Reminder SMS (CD Campaign) | B9: 0 | C9: 0 | F9: =(B9*B3)+(C9*C3) -> 0
A10: Day of service SMS (CD Campaign) | C10: 0 | F10: =C10*C3 -> 0
A12: Fulfilment (Carer) SMS | B12: 0 | C12: 0 | D12: =C12 -> 0 | F12: =(B12*B3)+(C12*C3)+(D12*D3) -> 0
A13: Fulfilment (Scheduler&Mgr) Email | D13: =D12 -> 0 | F13: =D13*D3 -> 0
A15: Bulk Notify Campaign (CD Ad-hoc) | B15: 1 | C15: 1 | F15: =(B15*B3)+(C15*C3) -> 35.74249
F17: =SUM(F5:F16) -> 71.68546

Sheet Call Data
